timestamp,scenario,backend_pid,backend_cpu_seconds,backend_working_set_mb,jmeter_pid,jmeter_cpu_seconds,jmeter_working_set_mb,system_available_memory_mb
2026-08-16T10:42:42.7475491+07:00,Load,14924,0.641,64.64,20596,1.953,70.94,5071
2026-08-16T10:42:45.8027673+07:00,Load,14924,0.641,64.64,20596,8.969,256.02,4978
2026-08-16T10:42:48.8229076+07:00,Load,14924,0.656,64.79,20596,10.016,260.64,4998
2026-08-16T10:42:51.8351046+07:00,Load,14924,0.656,64.84,20596,10.328,247.33,5052
2026-08-16T10:42:54.8653975+07:00,Load,14924,0.656,64.88,20596,10.516,260.96,5081
2026-08-16T10:42:57.9064531+07:00,Load,14924,0.656,65.18,20596,10.734,255.45,5164
2026-08-16T10:43:00.9387717+07:00,Load,14924,0.672,65.37,20596,10.859,264.87,5111
2026-08-16T10:43:03.9696999+07:00,Load,14924,0.672,65.62,20596,11.094,261.79,5154
2026-08-16T10:43:06.9926299+07:00,Load,14924,0.75,66.02,20596,11.188,261.3,5128
2026-08-16T10:43:10.0206731+07:00,Load,14924,0.766,66.1,20596,11.203,262.61,5120
2026-08-16T10:43:13.0397977+07:00,Load,14924,0.781,66.3,20596,11.281,264.19,5126
2026-08-16T10:43:16.0714437+07:00,Load,14924,0.797,66.21,20596,11.328,265.55,5118
2026-08-16T10:43:19.1292172+07:00,Load,14924,0.797,66.36,20596,11.344,267.59,5130
2026-08-16T10:43:22.1574436+07:00,Load,14924,0.797,66.37,20596,11.375,270.03,5154
2026-08-16T10:43:25.1796026+07:00,Load,14924,0.844,66.34,20596,11.75,272.13,5129
2026-08-16T10:43:28.2022535+07:00,Load,14924,0.922,66.59,20596,11.906,280.34,5134
2026-08-16T10:43:31.2325766+07:00,Load,14924,1.125,66.63,20596,12.047,282.23,5137
2026-08-16T10:43:34.2482688+07:00,Load,14924,1.266,66.63,20596,12.531,282.84,5124
2026-08-16T10:43:37.2743745+07:00,Load,14924,1.344,67.02,20596,12.797,282.13,5100
2026-08-16T10:43:40.3051055+07:00,Load,14924,1.438,67.09,20596,13.109,284.91,5085
2026-08-16T10:43:43.3355786+07:00,Load,14924,1.484,67.22,20596,13.172,288.06,5100
2026-08-16T10:43:46.3658872+07:00,Load,14924,1.531,67.37,20596,13.422,297.94,5060
2026-08-16T10:43:49.3977832+07:00,Load,14924,1.641,67.49,20596,13.594,294.89,5048
2026-08-16T10:43:52.4198702+07:00,Load,14924,1.812,67.59,20596,13.844,296.18,5082
2026-08-16T10:43:55.4492024+07:00,Load,14924,1.953,67.78,20596,14.359,309.98,5066
2026-08-16T10:43:58.4632137+07:00,Load,14924,2.047,68.04,20596,14.828,305.3,5069
2026-08-16T10:44:01.5022133+07:00,Load,14924,2.047,68.15,20596,14.859,307.78,5085
2026-08-16T10:44:04.5178346+07:00,Load,14924,2.047,68.32,20596,14.875,311.68,5061
2026-08-16T10:44:07.5386862+07:00,Load,14924,2.172,68.28,20596,14.875,312,5028
2026-08-16T10:44:10.5595769+07:00,Load,14924,2.172,68.39,20596,14.984,314.94,5031
2026-08-16T10:44:13.5812010+07:00,Load,14924,2.203,68.63,20596,15.016,319.34,5017
2026-08-16T10:44:16.6054685+07:00,Load,14924,2.281,68.77,20596,15.203,323,5007
2026-08-16T10:44:19.6465491+07:00,Load,14924,2.312,69.17,20596,15.234,326.63,4986
2026-08-16T10:44:22.6864215+07:00,Load,14924,2.375,69.26,20596,15.359,329.35,5045
2026-08-16T10:44:25.7002463+07:00,Load,14924,2.422,69.52,20596,15.438,333.52,5043
2026-08-16T10:44:28.7295561+07:00,Load,14924,2.516,69.3,20596,15.609,337.18,5018
2026-08-16T10:44:31.7541845+07:00,Load,14924,2.531,69.8,20596,15.719,341.1,4994
2026-08-16T10:44:34.7699961+07:00,Load,14924,2.531,69.89,20596,15.844,348.43,5027
2026-08-16T10:44:37.7954637+07:00,Load,14924,2.641,70.31,20596,15.953,344.05,5036
2026-08-16T10:44:40.8372309+07:00,Load,14924,2.734,70.41,20596,15.969,347.68,5038
2026-08-16T10:44:43.8655359+07:00,Load,14924,2.781,70.67,20596,15.984,349.79,5016
2026-08-16T10:44:46.8893113+07:00,Load,14924,2.906,70.82,20596,16.156,361.08,4968
2026-08-16T10:44:49.9125512+07:00,Load,14924,2.984,70.91,20596,16.203,359.27,4954
2026-08-16T10:44:52.9286918+07:00,Load,14924,2.984,71.14,20596,16.234,358.63,5013
2026-08-16T10:44:55.9522236+07:00,Load,14924,3.047,71.41,20596,16.25,361.68,5010
2026-08-16T10:44:58.9812747+07:00,Load,14924,3.062,71.34,20596,16.297,365.79,5000
2026-08-16T10:45:02.0094847+07:00,Load,14924,3.125,71.36,20596,16.328,368.3,4986
2026-08-16T10:45:05.0301588+07:00,Load,14924,3.141,71.39,20596,16.359,371.16,4961
2026-08-16T10:45:08.0484450+07:00,Load,14924,3.281,71.39,20596,16.422,374.27,4963
2026-08-16T10:45:11.0618932+07:00,Load,14924,3.406,71.36,20596,16.516,377.3,4925
2026-08-16T10:45:14.0873147+07:00,Load,14924,3.422,71.38,20596,16.547,380.49,4941
2026-08-16T10:45:17.1195872+07:00,Load,14924,3.422,71.41,20596,16.609,384.73,4933
2026-08-16T10:45:20.1467539+07:00,Load,14924,3.438,71.42,20596,16.625,387.54,4907
2026-08-16T10:45:23.1770365+07:00,Load,14924,3.484,71.43,20596,16.625,387.65,4982
2026-08-16T10:45:26.2130249+07:00,Load,14924,3.531,71.52,20596,16.672,391.15,4959
2026-08-16T10:45:29.2372903+07:00,Load,14924,3.547,71.52,20596,16.734,395.05,4959
2026-08-16T10:45:32.2496930+07:00,Load,14924,3.562,71.7,20596,16.844,399.14,4958
2026-08-16T10:45:35.2912594+07:00,Load,14924,3.734,71.7,20596,17.016,402.11,4939
2026-08-16T10:45:38.3088398+07:00,Load,14924,3.844,71.77,20596,17.156,404.93,4929
2026-08-16T10:45:41.3368581+07:00,Load,14924,3.844,71.59,20596,17.156,408.21,4917
2026-08-16T10:45:44.3557687+07:00,Load,14924,3.922,71.61,20596,17.25,410.68,4900
2026-08-16T10:45:47.3819234+07:00,Load,14924,3.969,71.84,20596,17.297,414.57,4855
2026-08-16T10:45:50.4059655+07:00,Load,14924,4.016,71.55,20596,17.375,417.48,4872
2026-08-16T10:45:53.4517508+07:00,Load,14924,4.234,71.59,20596,17.484,420.63,4850
2026-08-16T10:45:56.4795426+07:00,Load,14924,4.344,71.39,20596,17.562,424.08,4912
2026-08-16T10:45:59.5182696+07:00,Load,14924,4.375,71.33,20596,17.641,432.43,4911
2026-08-16T10:46:02.5442819+07:00,Load,14924,4.422,71.33,20596,17.781,428.32,4897
2026-08-16T10:46:05.5840710+07:00,Load,14924,4.422,71.43,20596,17.859,436.66,4984
2026-08-16T10:46:08.6121655+07:00,Load,14924,4.5,71.62,20596,17.953,435.62,4984
2026-08-16T10:46:11.6366677+07:00,Load,14924,4.516,71.55,20596,18.062,439.62,4959
2026-08-16T10:46:14.6889200+07:00,Load,14924,4.594,71.55,20596,18.109,446.34,4969
2026-08-16T10:46:17.7134813+07:00,Load,14924,4.703,71.55,20596,18.172,445.75,4976
2026-08-16T10:46:20.7457393+07:00,Load,14924,4.766,71.55,20596,18.266,453.48,4958
2026-08-16T10:46:23.7830108+07:00,Load,14924,4.781,71.55,20596,18.266,451.45,4945
2026-08-16T10:46:26.8147348+07:00,Load,14924,4.828,71.55,20596,18.375,454.54,5002
2026-08-16T10:46:29.8390957+07:00,Load,14924,4.875,71.57,20596,18.406,458.27,5009
2026-08-16T10:46:32.8663882+07:00,Load,14924,4.906,71.57,20596,18.406,461.08,4979
2026-08-16T10:46:35.8985866+07:00,Load,14924,4.938,71.74,20596,18.438,466.21,4960
2026-08-16T10:46:38.9207366+07:00,Load,14924,4.984,71.41,20596,18.516,468.31,4940
2026-08-16T10:46:41.9421177+07:00,Load,14924,5,71.41,20596,18.531,471.64,4930
2026-08-16T10:46:44.9740401+07:00,Load,14924,5,71.43,20596,20,486.05,4881
2026-08-16T10:46:48.0018151+07:00,Load,14924,5,71.43,20596,23.031,476.12,4906
2026-08-16T10:46:51.0446340+07:00,Load,14924,5,71.43,20596,26.125,476.12,4906
2026-08-16T10:27:38.4567349+07:00,Stress,17560,0.781,65.06,8528,1.672,73.55,5060
2026-08-16T10:27:41.5136837+07:00,Stress,17560,0.781,65.06,8528,8.812,309.41,4858
2026-08-16T10:27:44.5434469+07:00,Stress,17560,0.812,65.16,8528,9.641,304.11,4869
2026-08-16T10:27:47.5836025+07:00,Stress,17560,0.812,65.2,8528,9.953,313.46,4894
2026-08-16T10:27:50.6008916+07:00,Stress,17560,0.812,65.21,8528,10.156,307.08,4944
2026-08-16T10:27:53.6331883+07:00,Stress,17560,0.828,65.26,8528,10.453,303.01,4949
2026-08-16T10:27:56.6684498+07:00,Stress,17560,0.828,65.31,8528,10.469,314.55,4940
2026-08-16T10:27:59.7043432+07:00,Stress,17560,0.859,65.52,8528,10.547,308.21,4957
2026-08-16T10:28:02.7310708+07:00,Stress,17560,0.891,65.98,8528,10.594,309.29,4892
2026-08-16T10:28:05.7551385+07:00,Stress,17560,0.922,66.2,8528,10.688,310.39,4881
2026-08-16T10:28:08.7759803+07:00,Stress,17560,0.984,66.39,8528,10.766,311.89,4869
2026-08-16T10:28:11.7959337+07:00,Stress,17560,0.984,66.39,8528,10.797,313.27,4859
2026-08-16T10:28:14.8488676+07:00,Stress,17560,1.031,66.32,8528,10.891,315.25,4758
2026-08-16T10:28:17.8880968+07:00,Stress,17560,1.047,66.44,8528,10.984,316.62,4782
2026-08-16T10:28:20.9112627+07:00,Stress,17560,1.062,66.46,8528,11.062,320.06,4840
2026-08-16T10:28:23.9451998+07:00,Stress,17560,1.156,66.47,8528,11.25,318.45,4865
2026-08-16T10:28:26.9699982+07:00,Stress,17560,1.156,66.55,8528,11.312,330.04,4893
2026-08-16T10:28:29.9896387+07:00,Stress,17560,1.203,66.43,8528,11.453,329.45,4865
2026-08-16T10:28:33.0103855+07:00,Stress,17560,1.266,66.49,8528,11.906,326.88,4858
2026-08-16T10:28:36.0390366+07:00,Stress,17560,1.281,66.64,8528,11.953,330.57,4866
2026-08-16T10:28:39.0744948+07:00,Stress,17560,1.312,66.96,8528,12.078,330.62,4856
2026-08-16T10:28:42.0966874+07:00,Stress,17560,1.344,66.88,8528,12.328,340.29,4839
2026-08-16T10:28:45.1086909+07:00,Stress,17560,1.406,67.06,8528,12.438,337.05,4778
2026-08-16T10:28:48.1326296+07:00,Stress,17560,1.453,67.07,8528,12.469,338.75,4773
2026-08-16T10:28:51.1576464+07:00,Stress,17560,1.516,67.21,8528,12.672,348.23,4818
2026-08-16T10:28:54.1749094+07:00,Stress,17560,1.562,67.21,8528,12.875,348.33,4828
2026-08-16T10:28:57.2177426+07:00,Stress,17560,1.719,67.55,8528,13.062,354.72,4828
2026-08-16T10:29:00.2388195+07:00,Stress,17560,1.781,67.73,8528,13.172,351.54,4814
2026-08-16T10:29:03.2750005+07:00,Stress,17560,1.812,67.9,8528,13.281,355.79,4801
2026-08-16T10:29:06.3001829+07:00,Stress,17560,1.844,68.16,8528,13.406,363.79,4785
2026-08-16T10:29:09.3307416+07:00,Stress,17560,1.891,68.32,8528,13.594,369.99,4749
2026-08-16T10:29:12.3474413+07:00,Stress,17560,1.922,68.54,8528,13.672,373.65,4755
2026-08-16T10:29:15.3822420+07:00,Stress,17560,2,69.02,8528,13.766,373.41,4793
2026-08-16T10:29:18.4153266+07:00,Stress,17560,2.016,69.26,8528,14.25,375.95,4761
2026-08-16T10:29:21.4409596+07:00,Stress,17560,2.031,69.41,8528,14.375,403.55,4701
2026-08-16T10:29:24.4643045+07:00,Stress,17560,2.109,69.63,8528,14.562,385.06,4793
2026-08-16T10:29:27.4844551+07:00,Stress,17560,2.281,69.84,8528,14.812,396.71,4810
2026-08-16T10:29:30.5147325+07:00,Stress,17560,2.484,70.38,8528,14.938,392.94,4785
2026-08-16T10:29:33.5529524+07:00,Stress,17560,2.531,70.54,8528,15.062,404.11,4727
2026-08-16T10:29:36.5857160+07:00,Stress,17560,2.578,70.77,8528,15.203,408.81,4676
2026-08-16T10:29:39.6063534+07:00,Stress,17560,2.641,71.21,8528,15.281,407.48,4602
2026-08-16T10:29:42.6314431+07:00,Stress,17560,2.844,70.84,8528,15.406,412.36,4638
2026-08-16T10:29:45.6476960+07:00,Stress,17560,2.859,70.84,8528,15.438,417.46,4678
2026-08-16T10:29:48.6730455+07:00,Stress,17560,3.125,71.18,8528,15.656,425.07,4723
2026-08-16T10:29:51.7003205+07:00,Stress,17560,3.359,71.21,8528,15.859,433.77,4709
2026-08-16T10:29:54.7317852+07:00,Stress,17560,3.484,71.7,8528,15.969,436.29,4489
2026-08-16T10:29:57.7465868+07:00,Stress,17560,3.812,71.29,8528,16.172,441.84,4612
2026-08-16T10:30:00.7647683+07:00,Stress,17560,3.984,71.36,8528,16.266,445.06,4613
2026-08-16T10:30:03.7906963+07:00,Stress,17560,4.062,71.64,8528,16.375,451.35,4631
2026-08-16T10:30:06.8316723+07:00,Stress,17560,4.141,71.46,8528,16.453,460.11,4455
2026-08-16T10:30:09.8688003+07:00,Stress,17560,4.266,71.52,8528,16.578,461.33,4261
2026-08-16T10:30:12.9087265+07:00,Stress,17560,4.266,71.46,8528,16.734,468.29,4252
2026-08-16T10:30:15.9361004+07:00,Stress,17560,4.75,72.02,8528,17.266,481.77,4232
2026-08-16T10:30:18.9645618+07:00,Stress,17560,5.094,71.55,8528,17.609,483.4,4280
2026-08-16T10:30:21.9962192+07:00,Stress,17560,5.203,71.55,8528,17.781,492.26,4258
2026-08-16T10:30:25.0255534+07:00,Stress,17560,5.375,71.59,8528,17.812,494.96,4343
2026-08-16T10:30:28.0530534+07:00,Stress,17560,5.562,72.17,8528,18.125,516.58,4320
2026-08-16T10:30:31.0888889+07:00,Stress,17560,5.625,72,8528,18.172,519.09,4331
2026-08-16T10:30:34.1144309+07:00,Stress,17560,5.672,71.98,8528,18.312,519.65,4305
2026-08-16T10:30:37.1321089+07:00,Stress,17560,5.688,72.14,8528,18.359,525.56,4428
2026-08-16T10:30:40.1513656+07:00,Stress,17560,5.828,72.14,8528,18.625,521.95,4421
2026-08-16T10:30:43.1676517+07:00,Stress,17560,6.016,72.58,8528,18.734,518.71,4334
2026-08-16T10:30:46.1992068+07:00,Stress,17560,6.125,73.56,8528,18.844,518.9,3956
2026-08-16T10:30:49.2442915+07:00,Stress,17560,6.328,73.83,8528,18.906,518.19,4018
2026-08-16T10:30:52.2853727+07:00,Stress,17560,6.391,74.03,8528,19.062,520.48,4030
2026-08-16T10:30:55.3188213+07:00,Stress,17560,6.75,74.18,8528,19.219,522.81,4120
2026-08-16T10:30:58.3556996+07:00,Stress,17560,6.812,74.48,8528,19.469,524.7,4087
2026-08-16T10:31:01.3945593+07:00,Stress,17560,6.938,74.16,8528,19.766,534.8,4159
2026-08-16T10:31:04.4201927+07:00,Stress,17560,6.953,75.12,8528,19.812,521.39,4164
2026-08-16T10:31:07.4712462+07:00,Stress,17560,7.062,75.33,8528,19.844,522.69,4162
2026-08-16T10:31:10.4968965+07:00,Stress,17560,7.328,75.34,8528,19.906,522.86,4149
2026-08-16T10:31:13.5088829+07:00,Stress,17560,7.75,75.36,8528,20.281,522.85,4129
2026-08-16T10:31:16.5314585+07:00,Stress,17560,7.797,75.84,8528,20.438,534.31,4151
2026-08-16T10:31:19.5575954+07:00,Stress,17560,7.953,75.5,8528,20.516,523.12,4196
2026-08-16T10:31:22.5875132+07:00,Stress,17560,8.062,75.27,8528,20.625,524.26,4177
2026-08-16T10:31:25.6270537+07:00,Stress,17560,8.125,76.1,8528,20.625,523.96,4158
2026-08-16T10:31:28.6542602+07:00,Stress,17560,8.297,76.31,8528,20.781,525.68,4245
2026-08-16T10:31:31.6873868+07:00,Stress,17560,8.453,75.71,8528,20.938,527.32,4223
2026-08-16T10:31:34.7022358+07:00,Stress,17560,8.812,77.07,8528,21.375,530.9,4198
2026-08-16T10:31:37.7332162+07:00,Stress,17560,9.031,78.37,8528,21.562,538.12,4187
2026-08-16T10:31:40.7653321+07:00,Stress,17560,9.125,78.97,8528,21.625,536.14,4216
2026-08-16T10:31:43.7962665+07:00,Stress,17560,9.578,79.35,8528,21.844,536.06,4188
2026-08-16T10:31:46.8320360+07:00,Stress,17560,9.656,79.4,8528,21.906,536.97,4175
2026-08-16T10:31:49.8481966+07:00,Stress,17560,9.812,79.71,8528,22.078,537.11,4205
2026-08-16T10:31:52.8721630+07:00,Stress,17560,9.922,80.62,8528,22.297,543.34,4202
2026-08-16T10:31:55.8896429+07:00,Stress,17560,10.078,82.24,8528,22.562,539.43,4181
2026-08-16T10:31:58.9161907+07:00,Stress,17560,10.219,84.39,8528,22.875,538.86,4269
2026-08-16T10:32:01.9386347+07:00,Stress,17560,10.25,85.27,8528,23.141,545.15,4241
2026-08-16T10:32:04.9719922+07:00,Stress,17560,10.453,85.54,8528,23.234,534.43,4080
2026-08-16T10:32:07.9989336+07:00,Stress,17560,11,85.28,8528,23.688,536.59,4107
2026-08-16T10:32:11.0232406+07:00,Stress,17560,11.156,85.34,8528,23.812,536.89,4083
2026-08-16T10:32:14.0549210+07:00,Stress,17560,11.203,85.48,8528,23.922,543.5,4053
2026-08-16T10:32:17.0853475+07:00,Stress,17560,11.266,85.58,8528,24.469,561.02,4145
2026-08-16T10:32:20.1152407+07:00,Stress,17560,11.422,85.33,8528,25.422,557.28,4132
2026-08-16T10:32:23.1502630+07:00,Stress,17560,11.688,86.26,8528,26.297,559.03,4160
2026-08-16T10:32:26.1801082+07:00,Stress,17560,11.75,86.26,8528,27.25,586.31,4130
2026-08-16T10:32:29.2108351+07:00,Stress,17560,11.938,89.75,8528,27.844,591.25,4190
2026-08-16T10:32:32.2344075+07:00,Stress,17560,12.266,92.69,8528,28.156,619.28,4160
2026-08-16T10:32:35.2642013+07:00,Stress,17560,12.594,92.69,8528,28.297,633.18,4095
2026-08-16T10:32:38.2749407+07:00,Stress,17560,13.047,94.86,8528,28.531,644.88,4097
2026-08-16T10:32:41.3169481+07:00,Stress,17560,13.172,97.88,8528,28.609,657.53,4113
2026-08-16T10:32:44.3379402+07:00,Stress,17560,13.312,97.97,8528,28.688,670.08,4079
2026-08-16T10:32:47.3640751+07:00,Stress,17560,13.344,98.01,8528,28.75,682.86,4055
2026-08-16T10:32:50.3899903+07:00,Stress,17560,14,97.66,8528,29.375,705.76,4049
2026-08-16T10:32:53.4091212+07:00,Stress,17560,14.188,97.67,8528,29.578,705.82,4030
2026-08-16T10:32:56.4374420+07:00,Stress,17560,14.594,98.07,8528,29.719,705.84,4030
2026-08-16T10:32:59.4597186+07:00,Stress,17560,15.109,97.8,8528,30,705.88,4093
2026-08-16T10:33:02.4917105+07:00,Stress,17560,15.188,97.89,8528,30.031,706.02,4083
2026-08-16T10:33:05.5291037+07:00,Stress,17560,15.297,97.89,8528,30.078,706.04,4054
2026-08-16T10:33:08.5550459+07:00,Stress,17560,15.406,98.01,8528,30.094,706.09,4055
2026-08-16T10:33:11.5832154+07:00,Stress,17560,15.422,98.01,8528,30.109,706.11,4022
2026-08-16T10:33:14.6048811+07:00,Stress,17560,15.875,98.17,8528,30.516,706.27,4022
2026-08-16T10:33:17.6371534+07:00,Stress,17560,16.109,98.2,8528,30.672,706.3,4000
2026-08-16T10:33:20.6678967+07:00,Stress,17560,16.469,101.29,8528,30.875,706.32,3980
2026-08-16T10:33:23.6978925+07:00,Stress,17560,16.688,100.77,8528,31.078,706.27,3976
2026-08-16T10:33:26.7122616+07:00,Stress,17560,16.859,101.14,8528,31.156,706.29,3966
2026-08-16T10:33:29.7332808+07:00,Stress,17560,17.016,101.15,8528,31.234,706.31,3997
2026-08-16T10:33:32.7662869+07:00,Stress,17560,17.25,101.27,8528,31.297,706.31,4056
2026-08-16T10:33:35.8024919+07:00,Stress,17560,17.484,101.69,8528,31.375,706.33,4044
2026-08-16T10:33:38.8351891+07:00,Stress,17560,17.828,101.78,8528,31.453,706.34,3980
2026-08-16T10:33:41.8651793+07:00,Stress,17560,18.031,103.21,8528,31.562,706.34,3941
2026-08-16T10:33:44.9025478+07:00,Stress,17560,18.281,103.48,8528,31.672,706.34,4001
2026-08-16T10:33:47.9222494+07:00,Stress,17560,18.594,103.66,8528,31.922,706.4,3995
2026-08-16T10:33:50.9482977+07:00,Stress,17560,19.156,103.84,8528,32.078,706.41,3986
2026-08-16T10:33:53.9801830+07:00,Stress,17560,19.359,108.38,8528,32.141,706.41,3981
2026-08-16T10:33:56.9997438+07:00,Stress,17560,19.828,112.91,8528,32.453,706.41,3959
2026-08-16T10:34:00.0345825+07:00,Stress,17560,20.078,113.66,8528,32.516,706.41,3953
2026-08-16T10:34:03.0652453+07:00,Stress,17560,20.469,113.21,8528,32.734,706.48,4024
2026-08-16T10:34:06.0834700+07:00,Stress,17560,20.594,113.64,8528,32.766,707.1,4022
2026-08-16T10:34:09.1098820+07:00,Stress,17560,20.594,117.36,8528,32.828,707.88,4016
2026-08-16T10:34:12.1474771+07:00,Stress,17560,21.234,119.63,8528,32.875,708.11,4020
2026-08-16T10:34:15.1628905+07:00,Stress,17560,21.516,119.66,8528,33.031,708.6,4016
2026-08-16T10:34:18.1874721+07:00,Stress,17560,22.094,119.7,8528,33.656,710.59,4020
2026-08-16T10:34:21.2108396+07:00,Stress,17560,22.328,120.55,8528,33.797,680.15,4050
2026-08-16T10:34:24.2408511+07:00,Stress,17560,22.484,120.66,8528,33.859,680.36,4049
2026-08-16T10:34:27.2785102+07:00,Stress,17560,22.719,120.15,8528,33.938,681.47,4014
2026-08-16T10:34:30.3205865+07:00,Stress,17560,22.922,120.16,8528,33.969,688.42,3997
2026-08-16T10:34:33.3588334+07:00,Stress,17560,23.016,120.22,8528,34,699.35,4052
2026-08-16T10:34:36.3937033+07:00,Stress,17560,23.609,120.38,8528,34.281,714.06,4070
2026-08-16T10:34:39.4250454+07:00,Stress,17560,24.094,120.55,8528,34.438,731.61,4031
2026-08-16T10:34:42.4401265+07:00,Stress,17560,24.141,120.32,8528,34.5,746.1,4035
2026-08-16T10:34:45.4598478+07:00,Stress,17560,24.266,120.33,8528,34.594,760.44,4030
2026-08-16T10:34:48.4969924+07:00,Stress,17560,24.516,120.42,8528,34.734,774.72,4011
2026-08-16T10:34:51.5345756+07:00,Stress,17560,24.594,120.46,8528,34.812,803.38,3964
2026-08-16T10:34:54.5613211+07:00,Stress,17560,24.984,120.5,8528,34.875,808.53,3966
2026-08-16T10:34:57.5941330+07:00,Stress,17560,25.141,120.18,8528,34.984,808.53,3945
2026-08-16T10:35:00.6344925+07:00,Stress,17560,25.516,120.19,8528,35.25,808.53,3948
2026-08-16T10:35:03.6525825+07:00,Stress,17560,25.828,120.21,8528,35.406,808.53,3978
2026-08-16T10:35:06.6886409+07:00,Stress,17560,26.016,120.23,8528,35.484,808.55,3991
2026-08-16T10:35:09.7276342+07:00,Stress,17560,26.219,120.3,8528,35.547,808.55,3969
2026-08-16T10:35:12.7487338+07:00,Stress,17560,26.484,120.25,8528,35.625,808.53,3973
2026-08-16T10:35:15.7850680+07:00,Stress,17560,26.812,120.25,8528,35.734,808.53,3970
2026-08-16T10:35:18.8054354+07:00,Stress,17560,26.969,120.58,8528,35.781,808.53,3913
2026-08-16T10:35:21.8310623+07:00,Stress,17560,26.984,120.74,8528,35.781,808.53,3963
2026-08-16T10:35:24.8505155+07:00,Stress,17560,27.234,76.4,8528,35.922,808.77,3971
2026-08-16T10:35:27.8940719+07:00,Stress,17560,27.266,76.75,8528,35.938,808.75,3963
2026-08-16T10:35:30.9264014+07:00,Stress,17560,27.672,76.89,8528,36.109,808.75,3958
2026-08-16T10:35:33.9437032+07:00,Stress,17560,27.703,77.13,8528,36.125,808.75,3946
2026-08-16T10:35:36.9754834+07:00,Stress,17560,28.031,77.13,8528,36.297,808.73,4019
2026-08-16T10:35:40.0053609+07:00,Stress,17560,28.094,76.91,8528,37.219,810.2,4012
2026-08-16T10:35:43.0385929+07:00,Stress,17560,28.094,76.91,8528,40.219,811.21,4049
2026-08-16T10:35:46.0821541+07:00,Stress,17560,28.094,76.91,8528,43.281,811.19,4042
2026-08-16T10:37:00.9740574+07:00,Spike,22540,0.641,65.02,18540,1.5,76,5211
2026-08-16T10:37:04.0272452+07:00,Spike,22540,0.641,65.02,18540,8.25,315.2,5009
2026-08-16T10:37:07.0534443+07:00,Spike,22540,0.641,65.18,18540,9.219,304.08,5005
2026-08-16T10:37:10.0751582+07:00,Spike,22540,0.672,65.2,18540,9.797,310.78,5046
2026-08-16T10:37:13.0993496+07:00,Spike,22540,0.672,65.24,18540,10.031,308.24,5047
2026-08-16T10:37:16.1415054+07:00,Spike,22540,0.797,65.85,18540,10.469,309.44,5034
2026-08-16T10:37:19.1646325+07:00,Spike,22540,0.844,66.11,18540,10.531,322.26,5017
2026-08-16T10:37:22.1913398+07:00,Spike,22540,0.859,66.5,18540,10.562,313.34,5007
2026-08-16T10:37:25.2075944+07:00,Spike,22540,0.859,66.32,18540,10.578,315.62,4994
2026-08-16T10:37:28.2496057+07:00,Spike,22540,0.906,66.53,18540,10.594,317.17,4996
2026-08-16T10:37:31.2714526+07:00,Spike,22540,0.953,66.59,18540,10.641,319.11,4978
2026-08-16T10:37:34.3260960+07:00,Spike,22540,0.969,66.66,18540,10.656,320.65,4952
2026-08-16T10:37:37.3535074+07:00,Spike,22540,1,66.81,18540,10.734,323.11,4949
2026-08-16T10:37:40.3821973+07:00,Spike,22540,1.016,66.82,18540,10.875,321.81,4999
2026-08-16T10:37:43.4086592+07:00,Spike,22540,1.016,66.93,18540,10.984,330.75,4996
2026-08-16T10:37:46.4319323+07:00,Spike,22540,1.062,66.67,18540,11.297,326.44,5001
2026-08-16T10:37:49.4570101+07:00,Spike,22540,1.078,66.68,18540,11.328,329.27,4957
2026-08-16T10:37:52.4835167+07:00,Spike,22540,1.203,66.69,18540,11.406,331.8,4953
2026-08-16T10:37:55.5126501+07:00,Spike,22540,1.25,66.71,18540,11.844,349.21,4948
2026-08-16T10:37:58.5458554+07:00,Spike,22540,1.297,66.99,18540,11.906,345.52,4923
2026-08-16T10:38:01.5772270+07:00,Spike,22540,1.344,67.13,18540,11.969,338.39,4929
2026-08-16T10:38:04.6147224+07:00,Spike,22540,1.422,67.14,18540,12.203,340.26,4916
2026-08-16T10:38:07.6359638+07:00,Spike,22540,1.5,67.36,18540,12.656,347.89,4889
2026-08-16T10:38:10.6629369+07:00,Spike,22540,1.562,67.86,18540,13.375,346.55,4950
2026-08-16T10:38:13.6836864+07:00,Spike,22540,1.984,69.86,18540,14.188,359.07,4927
2026-08-16T10:38:16.7102260+07:00,Spike,22540,2.344,71.77,18540,14.672,369.98,4899
2026-08-16T10:38:19.7493319+07:00,Spike,22540,2.922,74.53,18540,15.312,385.04,4899
2026-08-16T10:38:22.7917388+07:00,Spike,22540,3.766,74.89,18540,15.922,396.13,4863
2026-08-16T10:38:25.8175158+07:00,Spike,22540,3.875,75.05,18540,16.156,409.03,4837
2026-08-16T10:38:28.8509475+07:00,Spike,22540,4.203,76.84,18540,16.453,427.75,4682
2026-08-16T10:38:31.8808729+07:00,Spike,22540,4.359,78.8,18540,16.547,439.97,4620
2026-08-16T10:38:34.8952990+07:00,Spike,22540,4.609,82.04,18540,16.828,461.33,4595
2026-08-16T10:38:37.9355119+07:00,Spike,22540,5.141,82,18540,17.391,476,4551
2026-08-16T10:38:40.9626385+07:00,Spike,22540,5.297,82.14,18540,17.625,485.09,4632
2026-08-16T10:38:43.9974847+07:00,Spike,22540,5.453,82.11,18540,17.891,501.57,4629
2026-08-16T10:38:47.0248204+07:00,Spike,22540,5.641,82.45,18540,18.219,522.15,4631
2026-08-16T10:38:50.0535858+07:00,Spike,22540,5.703,81.98,18540,18.391,537.94,4609
2026-08-16T10:38:53.0836749+07:00,Spike,22540,5.953,82.76,18540,18.469,544.31,4573
2026-08-16T10:38:56.1167347+07:00,Spike,22540,6.141,83.72,18540,18.781,572.31,4539
2026-08-16T10:38:59.1459080+07:00,Spike,22540,6.25,88.24,18540,19.234,603.77,4503
2026-08-16T10:39:02.1691183+07:00,Spike,22540,6.734,89.06,18540,19.625,591.49,4509
2026-08-16T10:39:05.1994653+07:00,Spike,22540,7.141,92.05,18540,19.922,591.61,4498
2026-08-16T10:39:08.2257203+07:00,Spike,22540,7.203,95.02,18540,20.109,602.52,4498
2026-08-16T10:39:11.2583363+07:00,Spike,22540,7.328,95.02,18540,20.375,589.22,4584
2026-08-16T10:39:14.3002934+07:00,Spike,22540,7.344,95.03,18540,20.375,596.66,4557
2026-08-16T10:39:17.3307404+07:00,Spike,22540,7.344,95.04,18540,20.469,585.66,4575
2026-08-16T10:39:20.3662889+07:00,Spike,22540,7.344,95.07,18540,20.5,585.8,4623
2026-08-16T10:39:23.3895254+07:00,Spike,22540,7.375,95.07,18540,20.5,585.85,4586
2026-08-16T10:39:26.4190765+07:00,Spike,22540,7.5,95.83,18540,20.5,585.85,4586
2026-08-16T10:39:29.4466826+07:00,Spike,22540,7.5,95.83,18540,20.5,585.85,4592
2026-08-16T10:39:32.4807767+07:00,Spike,22540,7.531,95.83,18540,20.5,585.85,4596
2026-08-16T10:39:35.5096864+07:00,Spike,22540,7.672,96.21,18540,20.516,585.85,4605
2026-08-16T10:39:38.5300397+07:00,Spike,22540,7.734,96.32,18540,20.531,585.85,4583
2026-08-16T10:39:41.5618474+07:00,Spike,22540,7.828,96.33,18540,20.594,585.85,4586
2026-08-16T10:39:44.5783290+07:00,Spike,22540,7.859,96.33,18540,20.625,585.85,4668
2026-08-16T10:39:47.5974984+07:00,Spike,22540,7.859,96.33,18540,20.656,586.94,4639
2026-08-16T10:39:50.6236239+07:00,Spike,22540,7.859,96.33,18540,20.656,586.94,4641
2026-08-16T10:39:53.6686524+07:00,Spike,22540,7.875,96.33,18540,20.656,586.95,4637
2026-08-16T10:39:56.6904297+07:00,Spike,22540,7.891,96.33,18540,20.672,586.95,4650
2026-08-16T10:39:59.7160116+07:00,Spike,22540,7.906,96.33,18540,20.672,586.95,4637
2026-08-16T10:40:02.7453977+07:00,Spike,22540,7.922,96.33,18540,20.688,586.96,4631
2026-08-16T10:40:05.7684180+07:00,Spike,22540,7.953,96.33,18540,20.719,586.96,4617
2026-08-16T10:40:08.7899595+07:00,Spike,22540,7.953,96.37,18540,20.734,586.96,4617
2026-08-16T10:40:11.8367532+07:00,Spike,22540,7.984,96.37,18540,20.734,586.96,4589
2026-08-16T10:40:14.8663537+07:00,Spike,22540,8.062,96.37,18540,20.766,586.96,4663
2026-08-16T10:40:17.8854692+07:00,Spike,22540,8.062,96.37,18540,20.766,586.96,4681
2026-08-16T10:40:20.9137040+07:00,Spike,22540,8.062,96.37,18540,20.781,586.96,4596
2026-08-16T10:40:23.9372595+07:00,Spike,22540,8.078,96.37,18540,20.828,586.97,4567
2026-08-16T10:40:26.9713681+07:00,Spike,22540,8.125,96.37,18540,20.844,586.97,4550
2026-08-16T10:40:30.0318483+07:00,Spike,22540,8.141,96.37,18540,20.922,587.3,4563
2026-08-16T10:40:33.0669529+07:00,Spike,22540,8.172,96.37,18540,20.984,587.3,4609
2026-08-16T10:40:36.0857942+07:00,Spike,22540,8.203,96.3,18540,20.984,587.31,4600
2026-08-16T10:40:39.1134778+07:00,Spike,22540,8.203,96.3,18540,21,587.64,4615
2026-08-16T10:40:42.1377757+07:00,Spike,22540,8.281,96.3,18540,21.047,587.64,4629
2026-08-16T10:40:45.1566927+07:00,Spike,22540,8.328,96.3,18540,21.062,587.64,4685
2026-08-16T10:40:48.1863168+07:00,Spike,22540,8.422,96.3,18540,21.078,587.64,4669
2026-08-16T10:40:51.2023324+07:00,Spike,22540,8.484,96.3,18540,21.188,587.64,4670
2026-08-16T10:40:54.2330377+07:00,Spike,22540,8.531,96.31,18540,21.25,587.64,4676
2026-08-16T10:40:57.2606286+07:00,Spike,22540,8.531,96.31,18540,21.25,587.64,4652
2026-08-16T10:41:00.2865587+07:00,Spike,22540,8.641,96.58,18540,21.297,587.91,4635
2026-08-16T10:41:03.3120707+07:00,Spike,22540,8.656,96.58,18540,21.328,588.1,4705
2026-08-16T10:41:06.3465000+07:00,Spike,22540,8.703,96.58,18540,21.344,588.14,4683
2026-08-16T10:41:09.3731312+07:00,Spike,22540,8.797,96.58,18540,21.391,588.14,4676
2026-08-16T10:41:12.3952752+07:00,Spike,22540,8.859,96.09,18540,22.125,587.54,4638
2026-08-16T10:41:15.4204273+07:00,Spike,22540,8.859,96.09,18540,25.141,594.4,4692
2026-08-16T10:41:18.4568246+07:00,Spike,22540,8.859,96.25,18540,28.172,587.1,4676
2026-08-16T10:47:58.0813987+07:00,Endurance,14456,0.688,64.97,5260,1.734,75.62,5571
2026-08-16T10:48:01.1325475+07:00,Endurance,14456,0.688,64.97,5260,9.375,303.55,5249
2026-08-16T10:48:04.1637350+07:00,Endurance,14456,0.703,64.89,5260,10.656,304.95,5211
2026-08-16T10:48:07.1855519+07:00,Endurance,14456,0.703,65.09,5260,10.781,293.72,5207
2026-08-16T10:48:10.2138444+07:00,Endurance,14456,0.734,65.86,5260,11.016,301.43,5269
2026-08-16T10:48:13.2527899+07:00,Endurance,14456,0.797,66.44,5260,11.078,300.98,5258
2026-08-16T10:48:16.2755571+07:00,Endurance,14456,0.844,66.45,5260,11.312,304.46,5275
2026-08-16T10:48:19.3101899+07:00,Endurance,14456,0.891,66.73,5260,11.375,308.18,5264
2026-08-16T10:48:22.3459291+07:00,Endurance,14456,0.953,66.76,5260,11.578,309.01,5209
2026-08-16T10:48:25.3797069+07:00,Endurance,14456,1.016,66.71,5260,12.094,332.15,5184
2026-08-16T10:48:28.4072301+07:00,Endurance,14456,1.094,67.21,5260,12.484,329.66,5184
2026-08-16T10:48:31.4267083+07:00,Endurance,14456,1.234,67.41,5260,12.625,332.73,5238
2026-08-16T10:48:34.4703242+07:00,Endurance,14456,1.344,67.46,5260,13.016,335.58,5204
2026-08-16T10:48:37.4889538+07:00,Endurance,14456,1.484,67.8,5260,13.438,337.32,5218
2026-08-16T10:48:40.5055337+07:00,Endurance,14456,1.688,68.11,5260,13.547,350.22,5204
2026-08-16T10:48:43.5263174+07:00,Endurance,14456,1.844,69.52,5260,13.812,357.03,5177
2026-08-16T10:48:46.5612540+07:00,Endurance,14456,1.969,70.71,5260,13.953,366.8,5161
2026-08-16T10:48:49.5877416+07:00,Endurance,14456,2.094,71.23,5260,14.281,374.91,5134
2026-08-16T10:48:52.6042039+07:00,Endurance,14456,2.25,71.56,5260,14.484,383.16,5103
2026-08-16T10:48:55.6228180+07:00,Endurance,14456,2.375,74.43,5260,14.516,396.53,5065
2026-08-16T10:48:58.6469543+07:00,Endurance,14456,2.547,74.88,5260,14.625,398.36,5066
2026-08-16T10:49:01.6846007+07:00,Endurance,14456,2.734,74.8,5260,14.812,412.36,5119
2026-08-16T10:49:04.7215980+07:00,Endurance,14456,2.859,75.4,5260,15.016,426.37,5097
2026-08-16T10:49:07.7416260+07:00,Endurance,14456,3,75.79,5260,15.156,432.04,5083
2026-08-16T10:49:10.7567842+07:00,Endurance,14456,3.172,78.45,5260,15.453,449.74,5055
2026-08-16T10:49:13.7700868+07:00,Endurance,14456,3.297,81.08,5260,15.625,463.34,5045
2026-08-16T10:49:16.8131507+07:00,Endurance,14456,3.547,81.75,5260,15.797,476.2,5022
2026-08-16T10:49:19.8293696+07:00,Endurance,14456,3.703,81.89,5260,15.906,479.89,5011
2026-08-16T10:49:22.8497386+07:00,Endurance,14456,3.828,81.96,5260,16.125,492.39,4979
2026-08-16T10:49:25.8758155+07:00,Endurance,14456,3.953,81.88,5260,16.297,514.76,4945
2026-08-16T10:49:28.8951079+07:00,Endurance,14456,4.125,81.94,5260,16.672,532.95,4918
2026-08-16T10:49:31.9244819+07:00,Endurance,14456,4.297,81.97,5260,16.828,534.02,4978
2026-08-16T10:49:34.9600542+07:00,Endurance,14456,4.5,82.92,5260,17.109,540.66,4952
2026-08-16T10:49:37.9803740+07:00,Endurance,14456,4.625,83.52,5260,17.359,530.54,4936
2026-08-16T10:49:41.0065109+07:00,Endurance,14456,4.688,86.57,5260,17.484,535.91,4925
2026-08-16T10:49:44.0295126+07:00,Endurance,14456,4.906,89.7,5260,17.578,529.88,4923
2026-08-16T10:49:47.0567287+07:00,Endurance,14456,5.109,90.16,5260,17.812,529.89,4895
2026-08-16T10:49:50.0881696+07:00,Endurance,14456,5.188,93.66,5260,17.906,546.14,4898
2026-08-16T10:49:53.1227335+07:00,Endurance,14456,5.281,95.61,5260,18.078,533.89,4951
2026-08-16T10:49:56.1597987+07:00,Endurance,14456,5.5,95.77,5260,18.172,534.06,4970
2026-08-16T10:49:59.1851841+07:00,Endurance,14456,5.703,96.4,5260,18.328,530.6,4965
2026-08-16T10:50:02.2075405+07:00,Endurance,14456,5.859,96.22,5260,18.422,533.14,4944
2026-08-16T10:50:05.2289774+07:00,Endurance,14456,6.031,96.36,5260,18.609,539.43,4979
2026-08-16T10:50:08.2473523+07:00,Endurance,14456,6.172,96.36,5260,18.797,533.02,4998
2026-08-16T10:50:11.2732682+07:00,Endurance,14456,6.359,97.74,5260,18.922,537.2,4994
2026-08-16T10:50:14.3038725+07:00,Endurance,14456,6.531,98.02,5260,18.984,540.52,4981
2026-08-16T10:50:17.3173595+07:00,Endurance,14456,6.641,98.05,5260,19.047,542.09,4971
2026-08-16T10:50:20.3377502+07:00,Endurance,14456,6.828,99.62,5260,19.312,554.03,4954
2026-08-16T10:50:23.3606323+07:00,Endurance,14456,6.984,99.62,5260,19.5,545.57,4930
2026-08-16T10:50:26.3822979+07:00,Endurance,14456,7.156,99.33,5260,19.734,551.45,4950
2026-08-16T10:50:29.4018676+07:00,Endurance,14456,7.391,101.91,5260,20.016,547.88,4929
2026-08-16T10:50:32.4343893+07:00,Endurance,14456,7.625,102.21,5260,20.125,539.52,4928
2026-08-16T10:50:35.4526179+07:00,Endurance,14456,7.797,102.23,5260,20.234,541.79,5004
2026-08-16T10:50:38.4771151+07:00,Endurance,14456,7.906,102.36,5260,20.422,543.95,5003
2026-08-16T10:50:41.4981076+07:00,Endurance,14456,8.078,103.73,5260,20.703,548.09,5002
2026-08-16T10:50:44.5159252+07:00,Endurance,14456,8.312,107.64,5260,21.188,565.14,4975
2026-08-16T10:50:47.5451813+07:00,Endurance,14456,8.453,111.16,5260,21.656,542.05,4950
2026-08-16T10:50:50.5692270+07:00,Endurance,14456,8.719,114.83,5260,22.625,573.98,4886
2026-08-16T10:50:53.6020715+07:00,Endurance,14456,8.828,114.94,5260,22.922,563.23,4862
2026-08-16T10:50:56.6274209+07:00,Endurance,14456,8.875,114.96,5260,22.969,568.35,4769
2026-08-16T10:50:59.6456874+07:00,Endurance,14456,8.984,115.71,5260,23.031,577.13,4762
2026-08-16T10:51:02.6675645+07:00,Endurance,14456,9.359,119.01,5260,23.281,589.04,4871
2026-08-16T10:51:05.6948386+07:00,Endurance,14456,9.438,122.53,5260,23.297,601.43,4832
2026-08-16T10:51:08.7330823+07:00,Endurance,14456,9.766,126.17,5260,23.438,613.36,4865
2026-08-16T10:51:11.7523472+07:00,Endurance,14456,10.391,127.44,5260,23.828,624.66,4871
2026-08-16T10:51:14.7811716+07:00,Endurance,14456,11.219,127.43,5260,24.453,637,4840
2026-08-16T10:51:17.8018888+07:00,Endurance,14456,11.375,127.85,5260,25.125,650.86,4819
2026-08-16T10:51:20.8286736+07:00,Endurance,14456,11.594,127.86,5260,25.797,675.79,4793
2026-08-16T10:51:23.8469719+07:00,Endurance,14456,11.875,127.86,5260,26.047,686.84,4764
2026-08-16T10:51:26.8958062+07:00,Endurance,14456,11.906,127.89,5260,26.078,697.88,4760
2026-08-16T10:51:29.9182528+07:00,Endurance,14456,11.984,127.65,5260,26.125,715.59,4749
2026-08-16T10:51:32.9477339+07:00,Endurance,14456,12.203,127.81,5260,26.156,715.66,4734
2026-08-16T10:51:35.9839106+07:00,Endurance,14456,12.281,127.82,5260,26.234,715.66,4807
2026-08-16T10:51:39.0085407+07:00,Endurance,14456,12.547,127.83,5260,26.453,715.66,4787
2026-08-16T10:51:42.0463588+07:00,Endurance,14456,12.688,127.14,5260,26.641,715.68,4792
2026-08-16T10:51:45.0869503+07:00,Endurance,14456,12.938,127.45,5260,26.859,693.92,4804
2026-08-16T10:51:48.1051379+07:00,Endurance,14456,13.266,127.48,5260,27.016,693.92,4764
2026-08-16T10:51:51.1292122+07:00,Endurance,14456,13.391,127.5,5260,27.078,693.92,4675
2026-08-16T10:51:54.1525077+07:00,Endurance,14456,13.609,127.6,5260,27.125,693.92,4666
2026-08-16T10:51:57.1777041+07:00,Endurance,14456,13.641,127.49,5260,27.141,693.99,4672
2026-08-16T10:52:00.1987062+07:00,Endurance,14456,13.875,127.75,5260,27.172,693.99,4625
2026-08-16T10:52:03.2255680+07:00,Endurance,14456,13.938,128.15,5260,27.188,693.99,4621
2026-08-16T10:52:06.2544563+07:00,Endurance,14456,14.016,128.16,5260,27.25,694,4667
2026-08-16T10:52:09.2953744+07:00,Endurance,14456,14.359,128.16,5260,27.375,694,4569
2026-08-16T10:52:12.3088015+07:00,Endurance,14456,14.656,128.16,5260,27.5,694,4532
2026-08-16T10:52:15.3408056+07:00,Endurance,14456,14.766,128.35,5260,27.531,694,4542
2026-08-16T10:52:18.3731518+07:00,Endurance,14456,15,128.35,5260,27.578,694,4547
2026-08-16T10:52:21.4013803+07:00,Endurance,14456,15.141,128.71,5260,27.594,694,4540
2026-08-16T10:52:24.4400287+07:00,Endurance,14456,15.312,128.8,5260,27.656,694,4556
2026-08-16T10:52:27.4749981+07:00,Endurance,14456,15.594,128.81,5260,27.797,694,4542
2026-08-16T10:52:30.4915656+07:00,Endurance,14456,15.594,128.81,5260,27.797,694.03,4567
2026-08-16T10:52:33.5177810+07:00,Endurance,14456,16.188,128.82,5260,28.031,694.07,4544
2026-08-16T10:52:36.5475506+07:00,Endurance,14456,16.906,128.82,5260,28.422,694.07,4515
2026-08-16T10:52:39.5629396+07:00,Endurance,14456,17,128.86,5260,28.484,694.07,4578
2026-08-16T10:52:42.6090226+07:00,Endurance,14456,17.75,130.28,5260,28.859,694.07,4566
2026-08-16T10:52:45.6316439+07:00,Endurance,14456,17.859,129.79,5260,28.875,694.19,4558
2026-08-16T10:52:48.6629610+07:00,Endurance,14456,17.969,130.24,5260,28.969,694.21,4541
2026-08-16T10:52:51.6839675+07:00,Endurance,14456,18.156,130.39,5260,29.016,694.21,4539
2026-08-16T10:52:54.7045209+07:00,Endurance,14456,18.406,130.92,5260,29.062,694.21,4543
2026-08-16T10:52:57.7309756+07:00,Endurance,14456,18.547,131.07,5260,29.188,694.63,4561
2026-08-16T10:53:00.7710063+07:00,Endurance,14456,18.719,130.86,5260,29.516,706.7,4554
2026-08-16T10:53:03.7904029+07:00,Endurance,14456,18.906,132.88,5260,29.562,683.07,4559
2026-08-16T10:53:06.8127439+07:00,Endurance,14456,19.125,136.34,5260,29.625,685.9,4530
2026-08-16T10:53:09.8306854+07:00,Endurance,14456,19.406,140.06,5260,29.75,688.61,4591
2026-08-16T10:53:12.8520087+07:00,Endurance,14456,19.594,143.38,5260,29.828,688.68,4603
2026-08-16T10:53:15.8884431+07:00,Endurance,14456,19.828,147.03,5260,29.891,688.68,4582
2026-08-16T10:53:18.9150563+07:00,Endurance,14456,19.969,150.6,5260,29.969,689.28,4570
2026-08-16T10:53:21.9382474+07:00,Endurance,14456,20.125,154.11,5260,30.031,689.28,4558
2026-08-16T10:53:24.9727100+07:00,Endurance,14456,20.312,156,5260,30.125,689.29,4518
2026-08-16T10:53:27.9996950+07:00,Endurance,14456,20.453,156.12,5260,30.188,689.79,4519
2026-08-16T10:53:31.0244560+07:00,Endurance,14456,20.625,156.13,5260,30.234,691.19,4513
2026-08-16T10:53:34.0373900+07:00,Endurance,14456,20.766,156.14,5260,30.344,697.99,4503
2026-08-16T10:53:37.0716972+07:00,Endurance,14456,20.922,156.14,5260,30.406,708.34,4499
2026-08-16T10:53:40.0877853+07:00,Endurance,14456,21.094,156.16,5260,30.625,722.98,4559
2026-08-16T10:53:43.1141438+07:00,Endurance,14456,21.312,156.2,5260,30.719,734.98,4550
2026-08-16T10:53:46.1466109+07:00,Endurance,14456,21.406,157.32,5260,30.859,751.16,4510
2026-08-16T10:53:49.1623770+07:00,Endurance,14456,21.547,160.83,5260,30.906,763.16,4493
2026-08-16T10:53:52.1820806+07:00,Endurance,14456,21.766,163.67,5260,30.953,775.64,4474
2026-08-16T10:53:55.2105904+07:00,Endurance,14456,21.875,166.93,5260,31.125,787.21,4459
2026-08-16T10:53:58.2352749+07:00,Endurance,14456,22.016,170.14,5260,31.203,808.44,4416
2026-08-16T10:54:01.2716594+07:00,Endurance,14456,22.172,173.98,5260,31.281,808.48,4406
2026-08-16T10:54:04.2865771+07:00,Endurance,14456,22.328,177.55,5260,31.312,808.48,4372
2026-08-16T10:54:07.3121307+07:00,Endurance,14456,22.5,180.91,5260,31.359,808.48,4330
2026-08-16T10:54:10.3367233+07:00,Endurance,14456,22.672,180.2,5260,31.422,808.48,4423
2026-08-16T10:54:13.3694057+07:00,Endurance,14456,22.828,180.31,5260,31.5,808.48,4404
2026-08-16T10:54:16.3893516+07:00,Endurance,14456,22.922,180.32,5260,31.547,808.48,4422
2026-08-16T10:54:19.4152580+07:00,Endurance,14456,23.062,180.5,5260,31.578,808.48,4478
2026-08-16T10:54:22.4419415+07:00,Endurance,14456,23.266,181.12,5260,31.625,808.48,4454
2026-08-16T10:54:25.4627858+07:00,Endurance,14456,23.438,70.74,5260,31.672,808.48,4579
2026-08-16T10:54:28.4898636+07:00,Endurance,14456,23.516,71.65,5260,31.719,808.48,4571
2026-08-16T10:54:31.5249729+07:00,Endurance,14456,23.594,72.27,5260,31.797,808.68,4552
2026-08-16T10:54:34.5460876+07:00,Endurance,14456,23.766,72.45,5260,31.859,808.68,4549
2026-08-16T10:54:37.5654246+07:00,Endurance,14456,23.891,72.45,5260,31.875,808.65,4526
2026-08-16T10:54:40.5867101+07:00,Endurance,14456,23.984,72.45,5260,31.953,808.62,4512
2026-08-16T10:54:43.6177566+07:00,Endurance,14456,24.234,71.89,5260,32.062,808.57,4604
2026-08-16T10:54:46.6434650+07:00,Endurance,14456,24.422,72.42,5260,32.156,808.57,4531
2026-08-16T10:54:49.6897665+07:00,Endurance,14456,24.672,72.25,5260,32.328,810.06,4522
2026-08-16T10:54:52.7098867+07:00,Endurance,14456,24.688,72.26,5260,32.359,810.09,4543
2026-08-16T10:54:55.7436055+07:00,Endurance,14456,24.75,72.3,5260,32.406,810.11,4534
2026-08-16T10:54:58.7626706+07:00,Endurance,14456,25.281,72.37,5260,32.594,810.11,4541
2026-08-16T10:55:01.7931959+07:00,Endurance,14456,25.594,72.38,5260,32.672,810.11,4475
2026-08-16T10:55:04.8204363+07:00,Endurance,14456,25.672,72.38,5260,32.672,810.11,4452
2026-08-16T10:55:07.8584544+07:00,Endurance,14456,25.812,71.95,5260,32.719,810.13,4461
2026-08-16T10:55:10.8932868+07:00,Endurance,14456,26.125,71.95,5260,32.859,810.13,4466
2026-08-16T10:55:13.9301911+07:00,Endurance,14456,26.125,71.98,5260,32.906,810.14,4527
2026-08-16T10:55:16.9578544+07:00,Endurance,14456,26.344,72,5260,33.031,810.14,4536
2026-08-16T10:55:19.9884332+07:00,Endurance,14456,26.359,72.06,5260,33.047,810.14,4528
2026-08-16T10:55:23.0161625+07:00,Endurance,14456,26.938,72.11,5260,33.391,810.14,4501
2026-08-16T10:55:26.0408588+07:00,Endurance,14456,27.25,72.12,5260,33.531,810.14,4513
2026-08-16T10:55:29.0758916+07:00,Endurance,14456,27.438,72.12,5260,33.594,810.14,4514
2026-08-16T10:55:32.1037602+07:00,Endurance,14456,27.594,72.12,5260,33.594,810.23,4499
2026-08-16T10:55:35.1227228+07:00,Endurance,14456,27.641,71.89,5260,33.672,810.29,4490
2026-08-16T10:55:38.1574738+07:00,Endurance,14456,28.047,72.11,5260,33.719,810.31,4518
2026-08-16T10:55:41.1823050+07:00,Endurance,14456,28.297,72.12,5260,33.766,810.31,4537
2026-08-16T10:55:44.2020636+07:00,Endurance,14456,28.984,72.51,5260,33.922,810.31,4609
2026-08-16T10:55:47.2467642+07:00,Endurance,14456,29.219,72.54,5260,33.969,810.31,4621
2026-08-16T10:55:50.2669184+07:00,Endurance,14456,29.484,72.6,5260,34.031,810.31,4596
2026-08-16T10:55:53.2951140+07:00,Endurance,14456,29.906,74.09,5260,34.328,810.31,4545
2026-08-16T10:55:56.3207077+07:00,Endurance,14456,30.141,75.59,5260,34.359,810.31,4544
2026-08-16T10:55:59.3500010+07:00,Endurance,14456,30.266,75.61,5260,34.422,810.31,4533
2026-08-16T10:56:02.3617102+07:00,Endurance,14456,30.469,75.61,5260,34.5,810.31,4528
2026-08-16T10:56:05.3995275+07:00,Endurance,14456,30.656,75.61,5260,34.609,810.31,4588
2026-08-16T10:56:08.4375523+07:00,Endurance,14456,30.859,75.61,5260,34.734,811.24,4443
2026-08-16T10:56:11.4682718+07:00,Endurance,14456,31.375,68.88,5260,34.906,812.18,4461
2026-08-16T10:56:14.4940817+07:00,Endurance,14456,31.547,69.43,5260,35.219,818.43,4513
2026-08-16T10:56:17.5144147+07:00,Endurance,14456,31.906,69.45,5260,35.469,818.52,4494
2026-08-16T10:56:20.5374921+07:00,Endurance,14456,32.094,68.9,5260,35.547,818.53,4504
2026-08-16T10:56:23.5826051+07:00,Endurance,14456,32.125,69.2,5260,35.547,818.53,4536
2026-08-16T10:56:26.6143756+07:00,Endurance,14456,32.125,68.84,5260,35.547,824.75,4523
2026-08-16T10:56:29.6394599+07:00,Endurance,14456,32.328,70.26,5260,35.656,824.75,4472
2026-08-16T10:56:32.6757651+07:00,Endurance,14456,32.469,70.62,5260,35.656,824.76,4460
2026-08-16T10:56:35.6981813+07:00,Endurance,14456,32.625,70.29,5260,35.703,824.76,4436
2026-08-16T10:56:38.7295751+07:00,Endurance,14456,32.672,70.47,5260,35.75,824.76,4389
2026-08-16T10:56:41.7618918+07:00,Endurance,14456,32.828,70.5,5260,35.766,824.76,4412
2026-08-16T10:56:44.7882855+07:00,Endurance,14456,32.969,70.79,5260,35.828,824.76,4457
2026-08-16T10:56:47.8090929+07:00,Endurance,14456,33.109,70.45,5260,35.875,824.76,4438
2026-08-16T10:56:50.8319231+07:00,Endurance,14456,33.172,70.58,5260,35.891,824.76,4441
2026-08-16T10:56:53.8561770+07:00,Endurance,14456,33.375,70.68,5260,35.922,824.76,4449
2026-08-16T10:56:56.8752151+07:00,Endurance,14456,33.781,71.2,5260,36.219,824.76,4518
2026-08-16T10:56:59.9105649+07:00,Endurance,14456,34.094,71.43,5260,36.297,824.76,4518
2026-08-16T10:57:02.9502226+07:00,Endurance,14456,34.25,71.43,5260,36.359,824.76,4494
2026-08-16T10:57:05.9677391+07:00,Endurance,14456,34.891,71.44,5260,36.578,824.76,4477
2026-08-16T10:57:08.9954760+07:00,Endurance,14456,35.438,71.45,5260,36.844,824.76,4476
2026-08-16T10:57:12.0204941+07:00,Endurance,14456,35.562,71.03,5260,36.844,824.76,4452
2026-08-16T10:57:15.0507827+07:00,Endurance,14456,35.562,71.66,5260,36.859,824.76,4468
2026-08-16T10:57:18.0822877+07:00,Endurance,14456,35.578,71.68,5260,36.875,824.82,4528
2026-08-16T10:57:21.1208571+07:00,Endurance,14456,35.844,71.79,5260,36.922,824.82,4539
2026-08-16T10:57:24.1411687+07:00,Endurance,14456,35.938,71.82,5260,36.984,824.83,4536
2026-08-16T10:57:27.1653103+07:00,Endurance,14456,36.422,71.82,5260,37.016,824.83,4526
2026-08-16T10:57:30.1834160+07:00,Endurance,14456,36.609,71.99,5260,37.094,824.83,4518
2026-08-16T10:57:33.2110626+07:00,Endurance,14456,36.625,72.12,5260,37.156,824.83,4495
2026-08-16T10:57:36.2447046+07:00,Endurance,14456,36.781,72.12,5260,37.188,824.83,4459
2026-08-16T10:57:39.2753648+07:00,Endurance,14456,37.062,72.2,5260,37.297,824.83,4466
2026-08-16T10:57:42.2990095+07:00,Endurance,14456,37.094,72.2,5260,37.312,824.83,4469
2026-08-16T10:57:45.3377232+07:00,Endurance,14456,37.5,72.27,5260,37.5,824.83,4456
2026-08-16T10:57:48.3607102+07:00,Endurance,14456,37.609,73.78,5260,37.516,824.83,4526
2026-08-16T10:57:51.3840142+07:00,Endurance,14456,37.938,75.3,5260,37.594,824.83,4525
2026-08-16T10:57:54.4124186+07:00,Endurance,14456,37.984,75.3,5260,37.609,824.83,4498
2026-08-16T10:57:57.4493926+07:00,Endurance,14456,38.156,75.32,5260,37.672,824.86,4499
2026-08-16T10:58:00.4683732+07:00,Endurance,14456,38.312,75.32,5260,37.75,824.86,4488
2026-08-16T10:58:03.4931881+07:00,Endurance,14456,38.484,75.33,5260,37.781,824.86,4471
2026-08-16T10:58:06.5320018+07:00,Endurance,14456,38.5,75.38,5260,37.797,824.86,4471
2026-08-16T10:58:09.5584412+07:00,Endurance,14456,38.781,75.4,5260,37.859,824.86,4417
2026-08-16T10:58:12.5849245+07:00,Endurance,14456,38.891,74.55,5260,37.922,824.86,4385
2026-08-16T10:58:15.6392378+07:00,Endurance,14456,39.047,74.61,5260,37.969,824.86,4415
2026-08-16T10:58:18.6756010+07:00,Endurance,14456,39.141,74.62,5260,37.984,824.86,4511
2026-08-16T10:58:21.7041782+07:00,Endurance,14456,39.266,74.65,5260,38.031,824.86,4475
2026-08-16T10:58:24.7363240+07:00,Endurance,14456,39.391,74.63,5260,38.078,824.86,4456
2026-08-16T10:58:27.7655762+07:00,Endurance,14456,39.75,74.81,5260,38.203,824.86,4415
2026-08-16T10:58:30.7982371+07:00,Endurance,14456,39.984,74.86,5260,38.297,824.86,4438
2026-08-16T10:58:33.8314762+07:00,Endurance,14456,40.062,74.9,5260,38.375,824.86,4434
2026-08-16T10:58:36.8640032+07:00,Endurance,14456,40.219,74.93,5260,38.422,824.86,4453
2026-08-16T10:58:39.8918981+07:00,Endurance,14456,40.266,75.22,5260,38.453,824.86,4451
2026-08-16T10:58:42.9181511+07:00,Endurance,14456,40.672,75.23,5260,38.594,824.87,4474
2026-08-16T10:58:45.9552531+07:00,Endurance,14456,40.734,75.26,5260,38.625,824.87,4459
2026-08-16T10:58:48.9935563+07:00,Endurance,14456,41.062,75.79,5260,38.938,824.87,4464
2026-08-16T10:58:52.0262690+07:00,Endurance,14456,41.172,75.86,5260,38.984,824.87,4401
2026-08-16T10:58:55.0560762+07:00,Endurance,14456,41.375,75.97,5260,39.312,824.93,4360
2026-08-16T10:58:58.0838109+07:00,Endurance,14456,41.516,75.98,5260,39.344,825.4,4285
2026-08-16T10:59:01.1155700+07:00,Endurance,14456,41.562,75.86,5260,39.359,825.4,4359
2026-08-16T10:59:04.1406262+07:00,Endurance,14456,42.047,75.86,5260,39.469,825.4,4345
2026-08-16T10:59:07.1648073+07:00,Endurance,14456,42.375,75.87,5260,39.531,825.4,4266
2026-08-16T10:59:10.2016966+07:00,Endurance,14456,42.578,75.93,5260,39.578,825.37,4219
2026-08-16T10:59:13.2279819+07:00,Endurance,14456,42.953,76,5260,39.719,825.37,4217
2026-08-16T10:59:16.2574091+07:00,Endurance,14456,43.016,76,5260,39.719,825.37,4260
2026-08-16T10:59:19.2803040+07:00,Endurance,14456,43.344,76,5260,39.75,825.37,4169
2026-08-16T10:59:22.3145111+07:00,Endurance,14456,43.453,76,5260,39.891,825.37,4294
2026-08-16T10:59:25.3479720+07:00,Endurance,14456,43.75,76,5260,40.016,825.37,4194
2026-08-16T10:59:28.3883712+07:00,Endurance,14456,43.984,76,5260,40.094,825.37,4170
2026-08-16T10:59:31.4161207+07:00,Endurance,14456,44.016,76,5260,40.109,825.4,4127
2026-08-16T10:59:34.4563811+07:00,Endurance,14456,44.125,75.08,5260,40.125,825.37,4143
2026-08-16T10:59:37.4785871+07:00,Endurance,14456,44.406,75.18,5260,40.328,825.37,4109
2026-08-16T10:59:40.5197731+07:00,Endurance,14456,44.484,75.68,5260,40.406,825.37,4044
2026-08-16T10:59:43.5469587+07:00,Endurance,14456,44.609,75.7,5260,40.469,825.37,3972
2026-08-16T10:59:46.5913002+07:00,Endurance,14456,44.875,75.7,5260,40.594,825.37,3991
2026-08-16T10:59:49.6081178+07:00,Endurance,14456,45.141,75.7,5260,40.625,825.37,4010
2026-08-16T10:59:52.6254901+07:00,Endurance,14456,45.672,75.7,5260,40.875,825.37,4022
2026-08-16T10:59:55.6511649+07:00,Endurance,14456,45.703,75.7,5260,40.875,825.37,4068
2026-08-16T10:59:58.6662740+07:00,Endurance,14456,46.016,75.76,5260,41.031,823.01,4033
2026-08-16T11:00:01.6845233+07:00,Endurance,14456,46.016,75.76,,,,4843
2026-08-16T11:00:04.7150678+07:00,Endurance,14456,46.016,75.76,,,,5195
